Date,Purchase Bid (MWh),Sell Bid (MWh),MCV (MWh),Final Scheduled Volume (MWh),MCP (Rs/MWh) *,Weighted MCP (Rs/MWh)
01-04-2022,363563.49,204683.07,194078.82,194078.82,13764.02,13660.71
02-04-2022,296797.84,263436.50,194046.52,194046.52,7410.41,7245.80
03-04-2022,229460.21,288467.87,156781.57,156781.57,4497.30,4457.39
04-04-2022,278983.69,235762.36,165691.80,165691.80,6414.63,6425.96
05-04-2022,254533.50,260134.26,162892.08,162892.08,4974.64,4881.02
06-04-2022,342291.64,207482.13,171912.25,171912.25,7258.17,7098.81
07-04-2022,375221.21,232741.82,196807.42,196807.42,8482.86,8188.62
08-04-2022,399412.10,203683.91,184268.30,184804.60,10101.73,9907.44
09-04-2022,375717.02,195362.28,177061.00,177061.00,10126.73,10009.58
10-04-2022,333305.14,238671.45,187728.88,186604.82,8055.56,7956.44
11-04-2022,411202.99,181574.20,174176.44,174176.44,11041.95,10823.31
12-04-2022,417635.51,177546.49,167930.44,167930.44,10953.01,10778.40
13-04-2022,457931.17,161542.00,154561.50,154461.50,10897.01,10519.96
14-04-2022,400271.57,185729.41,158583.50,158583.50,9347.03,8758.77
15-04-2022,368103.46,197410.88,164657.23,164657.23,9744.77,9393.69
16-04-2022,351308.16,174303.76,147038.48,147038.48,10178.65,9881.34
17-04-2022,236218.94,214503.83,138474.14,138474.14,6954.68,7176.96
18-04-2022,334985.10,157015.04,144357.98,144357.98,10601.46,10339.12
19-04-2022,348863.69,162132.28,144500.21,144500.21,10489.36,10246.05
20-04-2022,414132.80,140440.03,131017.50,131017.50,11444.13,11316.63
21-04-2022,451093.13,121633.28,117287.16,117287.16,11841.81,11829.40
22-04-2022,538648.47,101898.82,99186.32,99186.32,12000.00,12000.00
23-04-2022,700726.77,89191.25,89191.25,89191.25,12000.00,12000.00
24-04-2022,442725.71,112523.72,106036.36,106036.36,11343.76,11325.92
25-04-2022,538169.87,84312.12,84312.12,84312.12,12000.00,12000.00
26-04-2022,479016.70,76347.39,76347.39,76347.39,12000.00,12000.00
27-04-2022,481061.77,80439.10,80439.10,80439.10,12000.00,12000.00
28-04-2022,660866.20,54349.86,54349.86,54349.86,12000.00,12000.00
29-04-2022,762110.10,47417.60,47417.60,47417.60,12000.00,12000.00
30-04-2022,713308.04,45331.17,45331.17,45331.17,12000.00,12000.00
01-04-2023,267659.08,303728.33,167206.34,167206.34,4315.02,4336.20
02-04-2023,259493.48,345940.34,153660.67,153660.67,3504.74,3550.58
03-04-2023,286805.48,300335.07,161210.88,161041.31,4124.72,4154.05
04-04-2023,267028.13,292502.09,155332.47,155332.47,4278.65,4229.25
05-04-2023,264427.61,279036.97,146948.72,146948.72,4342.79,4221.88
06-04-2023,291391.59,270448.49,158728.22,158728.22,4675.32,4491.14
07-04-2023,279102.02,298966.81,165202.46,165202.46,4466.46,4366.24
08-04-2023,301594.97,286010.21,163459.87,163459.87,5344.99,4976.43
09-04-2023,317519.45,324314.65,188884.55,188884.55,5189.64,4979.86
10-04-2023,346029.40,274291.17,190835.45,190835.45,6703.17,6143.06
11-04-2023,322341.52,256427.38,180973.51,180973.51,6813.49,6294.93
12-04-2023,324841.53,257565.90,174346.60,174346.60,6977.55,6282.15
13-04-2023,315466.25,235868.11,153461.01,153461.01,6890.49,6070.14
14-04-2023,313910.33,230192.30,151203.54,151203.54,6903.04,6249.03
15-04-2023,347326.76,208872.41,146942.69,146942.69,7163.90,6320.57
16-04-2023,317403.65,233171.53,141071.29,141071.29,6651.62,6176.53
17-04-2023,340536.55,237998.56,156959.81,150772.92,7037.56,6388.54
18-04-2023,407246.27,238656.01,163506.87,154544.39,7162.80,6740.58
19-04-2023,449838.24,219611.01,169131.76,160267.99,7431.81,7034.59
20-04-2023,395484.17,199264.10,135615.98,128539.44,7063.19,6011.26
21-04-2023,381797.93,187627.40,122440.93,111034.33,7103.74,6065.84
22-04-2023,282417.67,213262.31,108660.00,105131.37,6218.66,5639.16
23-04-2023,211456.79,289100.14,109767.90,109450.40,3919.76,3896.09
24-04-2023,248288.88,270908.47,128551.11,125255.49,5002.80,4910.88
25-04-2023,238918.50,295866.06,129752.52,128116.63,4188.00,4119.13
26-04-2023,240812.70,289393.19,130603.50,128955.35,4218.47,4129.08
27-04-2023,247486.53,297109.89,131434.63,130158.47,3975.66,3874.58
28-04-2023,246536.83,277420.62,132027.53,131225.68,4025.20,3954.43
29-04-2023,237867.75,294989.00,130559.96,130699.33,3790.61,3750.84
30-04-2023,186124.36,331153.88,116949.82,115478.31,3033.19,2998.55
01-04-2024,234366.35,220972.20,131369.87,131159.26,5218.68,4757.81
02-04-2024,232708.28,258864.05,132639.86,131768.54,4625.47,4471.91
03-04-2024,241152.77,264232.47,142860.42,141514.64,4321.82,4212.44
04-04-2024,272230.27,241621.01,149307.06,146900.63,5250.66,4986.62
05-04-2024,313666.50,231966.47,154289.81,153684.83,5867.38,5346.30
06-04-2024,307494.72,198811.20,145503.47,145503.43,6590.85,5825.78
07-04-2024,261264.42,268474.42,152347.03,152263.17,4854.02,4680.93
08-04-2024,287686.58,289722.03,181102.49,180897.91,4945.37,4621.00
09-04-2024,258710.20,324711.39,163707.05,163572.35,4440.11,4278.63
10-04-2024,264701.82,290203.03,157381.87,157299.47,4953.53,4588.98
11-04-2024,236743.40,332904.89,150957.83,149838.03,3995.40,3904.54
12-04-2024,258727.05,324605.88,166523.42,165609.15,4601.48,4392.58
13-04-2024,231832.10,375454.00,155716.97,153542.11,3829.98,3762.82
14-04-2024,208221.48,420307.96,150837.56,150379.11,3357.18,3299.50
15-04-2024,260899.41,379731.91,167588.34,166265.60,3808.03,3765.50
16-04-2024,254740.96,312023.85,156963.75,157004.42,4417.08,4295.18
17-04-2024,267933.37,297890.03,155410.64,155410.64,5010.96,4943.24
18-04-2024,331304.30,228518.25,125627.99,125627.99,6840.33,5930.14
19-04-2024,255958.81,255161.74,119994.56,119994.56,5900.71,5148.02
20-04-2024,232659.82,271554.83,121751.63,121751.63,5648.25,5123.71
21-04-2024,175397.77,318420.88,110758.58,110758.58,4228.95,3934.10
22-04-2024,211731.27,266393.92,110004.47,110004.47,5003.51,4550.97
23-04-2024,237028.22,295514.80,127476.45,127476.45,5230.32,4661.75
24-04-2024,233424.59,276685.25,116900.27,116900.27,5188.29,4700.91
25-04-2024,201643.97,292605.81,104714.13,104714.13,4674.48,4288.40
26-04-2024,217513.78,271843.31,111266.21,111266.21,5034.43,4588.09
27-04-2024,285103.18,237046.54,117022.13,117022.13,6290.48,5326.19
28-04-2024,271031.22,255399.00,128038.11,128038.11,5873.02,5046.06
29-04-2024,344819.66,194771.10,110986.85,110986.85,6578.60,5324.56
30-04-2024,347469.90,216302.97,124266.89,124266.89,6785.37,5418.07
01-08-2022,189866.57,242448.61,136052.62,136052.62,5236.60,5087.28
02-08-2022,178423.06,218916.52,122437.91,122437.91,5758.49,5563.14
03-08-2022,223306.75,224770.42,129436.46,129436.45,5948.98,6076.16
04-08-2022,223983.08,178902.48,127772.30,127772.30,7202.77,7273.63
05-08-2022,194018.82,192578.96,118037.31,118037.31,6725.35,6990.02
06-08-2022,193219.82,213743.38,120104.73,120104.73,5924.33,6246.36
07-08-2022,143661.81,253869.66,95909.38,95909.38,3970.45,4193.24
08-08-2022,141454.69,216538.54,90731.66,90731.66,4409.94,4850.73
09-08-2022,127229.78,243890.77,88965.76,88965.76,3689.84,3733.82
10-08-2022,131881.41,257475.58,95732.20,95732.20,3751.20,3730.43
11-08-2022,118338.31,317163.73,87600.13,87600.13,3297.45,3223.90
12-08-2022,138315.49,290051.60,102948.96,102948.96,3337.33,3225.77
13-08-2022,163696.45,267127.22,101886.67,101886.67,3721.39,3659.39
14-08-2022,151479.15,254204.34,101908.40,101908.40,3656.77,3770.17
15-08-2022,143935.33,284952.84,105917.66,105917.66,3146.19,3360.07
16-08-2022,197017.34,233126.87,116816.37,116816.37,5386.18,5521.38
17-08-2022,194998.26,226679.27,114805.82,114805.82,5293.01,5499.44
18-08-2022,188788.86,241095.42,120756.90,120756.90,4888.55,5120.14
19-08-2022,146054.84,147561.74,67252.69,67252.69,4619.53,4810.69
20-08-2022,161114.32,181235.48,88887.15,88887.15,5629.26,5683.35
21-08-2022,122423.69,257517.06,92763.49,92763.49,3397.65,3497.15
22-08-2022,169003.01,218866.49,92898.38,92898.38,4617.40,4912.62
23-08-2022,194019.77,281132.77,120883.28,120883.28,4415.51,4436.79
24-08-2022,189727.89,278388.31,122136.06,122136.06,4298.82,4390.89
25-08-2022,256267.43,230140.51,138000.20,138000.20,5644.89,5713.15
26-08-2022,249566.82,198259.58,132938.50,132938.50,6632.20,6836.29
27-08-2022,248534.20,191696.34,133251.78,133251.78,7365.03,7431.38
28-08-2022,220444.87,218693.11,127119.63,127119.63,6048.35,6333.57
29-08-2022,249554.38,190350.72,129965.58,129965.58,7373.20,7313.42
30-08-2022,268711.68,214007.11,147486.79,147486.79,7368.90,7281.16
31-08-2022,271619.66,234439.10,157298.46,157298.46,7403.77,7295.02
01-08-2023,265055.74,262326.57,145052.93,145052.93,5136.96,5517.60
02-08-2023,192560.84,306353.11,120402.46,120402.46,3729.75,3749.36
03-08-2023,187433.01,325436.82,107467.45,107467.45,3387.97,3425.42
04-08-2023,251942.43,335873.98,136694.43,136694.43,3962.75,4082.89
05-08-2023,258948.10,329045.84,153662.81,153662.81,4306.35,4477.53
06-08-2023,216374.99,365217.74,123898.90,123898.90,3366.07,3394.14
07-08-2023,251063.54,283980.28,142366.68,142366.68,4880.85,4981.41
08-08-2023,258016.41,264083.72,140947.93,140947.93,5090.24,4763.33
09-08-2023,326753.92,221847.85,143561.61,143561.61,6404.96,5848.38
10-08-2023,369328.86,193575.71,142534.77,142534.77,7437.28,6898.43
11-08-2023,477838.24,182810.22,145614.94,145614.94,7991.22,7254.88
12-08-2023,392298.09,168351.77,121571.55,121571.55,7799.78,7211.70
13-08-2023,272955.31,218837.32,129880.28,129880.28,5882.67,5417.83
14-08-2023,325978.46,215365.09,145464.64,145464.64,6205.69,5529.26
15-08-2023,236329.10,242553.32,143896.39,143896.39,5364.07,5088.42
16-08-2023,350149.57,166092.37,139489.21,139489.21,7733.41,7142.36
17-08-2023,394775.08,146581.80,126134.91,126134.91,8937.44,8524.29
18-08-2023,394698.75,136249.32,120210.73,120210.73,9229.41,8889.99
19-08-2023,379101.78,142428.11,124459.90,124459.90,8906.86,8351.18
20-08-2023,300616.06,180688.70,116237.30,116237.30,6903.68,6243.17
21-08-2023,343499.91,152521.64,117683.24,117683.24,8033.56,7443.81
22-08-2023,411581.06,133428.98,112015.01,112015.01,9363.97,9033.26
23-08-2023,445868.61,105555.91,76230.49,76230.49,9326.53,8981.07
24-08-2023,313931.25,153529.31,110352.13,110352.13,8156.60,7556.56
25-08-2023,342323.01,159342.16,119495.39,119495.39,8305.16,7866.72
26-08-2023,325610.04,162819.53,122629.88,122629.88,7930.15,7386.42
27-08-2023,242652.79,211483.66,124192.29,124192.29,6341.90,5880.76
28-08-2023,357093.58,166026.83,120284.66,120284.66,7961.62,7472.99
29-08-2023,336259.42,153033.78,105870.06,105870.06,7921.92,7494.13
30-08-2023,364208.16,149459.93,111713.98,111713.98,8640.80,8172.96
31-08-2023,472716.72,95704.88,91390.97,91390.97,9072.23,8789.03
01-08-2024,383190.19,250362.55,169456.82,168742.79,6641.64,5818.32
02-08-2024,256176.76,259528.43,162680.81,161187.07,5007.49,4598.37
03-08-2024,244197.54,304194.62,166544.32,159988.89,4863.73,4499.18
04-08-2024,182485.61,471426.65,152248.89,151851.23,2830.93,2834.53
05-08-2024,247069.09,318221.63,182387.52,178154.89,4592.42,4516.84
06-08-2024,247366.18,295158.59,178861.57,177103.40,4734.02,4429.14
07-08-2024,223803.99,245451.56,152536.72,152536.72,5055.21,4756.73
08-08-2024,224314.04,299469.62,155763.61,155763.61,4446.10,4157.47
09-08-2024,200607.47,322768.27,147946.83,147946.83,4015.53,3881.30
10-08-2024,212324.18,344414.37,156251.39,156251.39,4251.69,4148.55
11-08-2024,217826.05,386247.96,164902.30,164902.30,3378.35,3384.68
12-08-2024,230781.90,284823.47,153144.55,153144.55,4701.43,4384.42
13-08-2024,240586.41,264276.91,149109.07,149109.07,5133.25,4649.71
14-08-2024,299913.35,285971.01,166619.92,166619.92,5665.45,5074.02
15-08-2024,235770.47,326971.00,148704.93,148704.93,4898.03,5025.83
16-08-2024,341921.98,249047.42,155487.37,155487.37,5783.58,5103.52
17-08-2024,296359.32,290621.48,165023.47,165023.47,5426.05,4856.45
18-08-2024,186149.81,341108.60,139162.84,139162.84,3951.54,4032.68
19-08-2024,239727.03,308370.75,154657.65,154657.65,4728.72,4184.59
20-08-2024,269966.68,300583.03,157125.97,157125.97,4783.31,4293.53
21-08-2024,168811.43,343248.32,126331.65,126331.65,3807.19,3759.41
22-08-2024,223949.64,373635.06,157807.09,157807.09,4348.32,4400.55
23-08-2024,223741.12,316757.30,148956.16,148956.16,4292.78,4418.13
24-08-2024,183632.29,315423.41,127308.27,127308.27,3824.66,3910.18
25-08-2024,157185.19,477063.29,123148.52,123148.52,2251.56,2303.56
26-08-2024,122915.57,430835.81,100597.98,100597.98,1956.41,1993.12
27-08-2024,189879.39,465616.21,153190.07,153190.07,2461.03,2456.08
28-08-2024,235509.57,414423.31,163256.72,163256.72,3608.79,3513.19
29-08-2024,210463.98,404507.60,147772.74,147772.74,3141.33,3060.11
30-08-2024,225595.13,387593.92,163339.64,163339.64,4194.31,4135.07
31-08-2024,195953.17,347110.64,136803.29,136803.29,4110.82,4309.42
01-12-2022,247794.19,297046.55,167137.38,167137.38,4826.15,5127.33
02-12-2022,248680.37,312988.53,170348.30,170348.30,4726.99,4980.23
03-12-2022,294469.26,288329.74,180473.58,180473.58,5245.35,5505.29
04-12-2022,241119.33,315654.22,159131.60,159131.60,4155.47,4299.52
05-12-2022,252676.18,281988.77,158102.17,158102.17,5102.56,5555.13
06-12-2022,251377.15,296851.93,160206.63,160206.63,4766.95,5127.80
07-12-2022,277497.92,285443.71,165922.32,165922.32,5176.22,5576.53
08-12-2022,274780.73,287733.59,168509.62,168509.62,5068.01,5349.66
09-12-2022,277253.86,293367.72,171317.91,171317.91,5120.53,5478.82
10-12-2022,255616.33,333291.02,170945.32,170945.32,4268.29,4453.74
11-12-2022,212628.14,335550.59,137731.11,137731.11,3684.65,3802.36
12-12-2022,223659.32,308351.91,134932.33,134932.33,4208.06,4474.59
13-12-2022,208423.20,304409.51,130072.45,130072.45,4144.56,4453.98
14-12-2022,234040.91,295672.46,135547.71,135547.71,4249.75,4514.82
15-12-2022,251707.56,294918.29,146791.33,146791.33,4420.31,4734.31
16-12-2022,290042.91,274641.35,161467.54,161467.54,5037.04,5330.57
17-12-2022,296151.29,264116.21,163995.07,163995.07,5434.89,5684.98
18-12-2022,292695.59,285570.65,174483.47,174483.47,4886.80,5159.95
19-12-2022,313224.98,250574.43,168158.43,168158.43,5925.16,6180.29
20-12-2022,296362.63,273004.34,174137.15,174137.15,5734.40,5967.37
21-12-2022,268017.04,263504.10,155896.67,155896.67,5451.00,5849.52
22-12-2022,280718.83,272216.75,164183.24,164183.24,5684.34,6063.08
23-12-2022,283814.38,267102.70,155039.85,155039.85,6070.49,6464.29
24-12-2022,276396.73,286595.26,159516.46,159516.46,5885.97,6449.23
25-12-2022,263652.81,283145.18,151775.66,151775.66,5169.75,5525.60
26-12-2022,294639.21,275344.64,166466.59,166466.59,6432.41,6930.35
27-12-2022,278382.65,250841.41,147847.23,147847.23,6548.15,7275.49
28-12-2022,275593.02,277808.01,166132.55,166132.55,5958.41,6378.37
29-12-2022,289921.70,274142.03,172301.32,172301.32,6191.27,6582.37
30-12-2022,271450.16,264315.62,156440.15,156440.15,6218.76,6513.84
31-12-2022,298040.28,287383.86,182425.19,182425.19,6564.50,6845.20
01-12-2023,203293.18,284665.54,137514.85,137514.85,3880.09,4173.46
02-12-2023,222822.50,291017.49,157587.31,157587.31,3860.54,4001.94
03-12-2023,185467.09,336815.06,143444.92,143444.92,3060.60,3115.12
04-12-2023,186301.44,296083.77,135434.19,135434.19,3339.39,3442.59
05-12-2023,191511.75,293773.49,136826.29,136826.29,3403.99,3532.34
06-12-2023,185072.89,314548.06,139123.30,139123.30,3300.12,3471.54
07-12-2023,232534.93,305207.23,156886.02,156886.02,3864.30,4191.64
08-12-2023,246458.84,296177.11,170055.51,170055.51,4101.27,4469.35
09-12-2023,210692.48,356679.68,155886.37,155886.37,3699.59,4021.63
10-12-2023,196048.32,352434.26,140891.41,140891.41,3071.37,3151.59
11-12-2023,242876.46,326590.41,152894.54,152894.54,4072.33,4181.95
12-12-2023,279469.99,303552.86,161216.92,161216.92,4390.94,4580.79
13-12-2023,312669.10,305433.52,177896.24,177896.24,4859.40,4974.82
14-12-2023,305763.36,281723.74,166844.19,166844.19,5033.55,5199.99
15-12-2023,301546.59,285917.77,162366.99,162366.99,4916.79,5030.50
16-12-2023,299137.39,272225.31,151364.29,151364.29,5027.81,5060.32
17-12-2023,223951.52,324523.18,154636.17,154636.17,3557.75,3650.34
18-12-2023,250287.89,331934.59,161142.41,161142.41,4012.40,4125.96
19-12-2023,249943.55,305241.76,154512.46,154512.46,4494.99,4589.11
20-12-2023,266731.45,287889.58,149174.08,149174.08,4785.80,4917.01
21-12-2023,302505.79,287157.80,152865.98,152865.98,5177.72,5248.24
22-12-2023,348946.14,261738.24,151944.35,151944.35,5723.86,5708.22
23-12-2023,318176.73,254852.61,145346.28,145346.28,5977.95,5891.95
24-12-2023,261015.47,313337.54,151084.46,151084.46,4140.64,4279.48
25-12-2023,293836.83,263953.84,134770.11,134770.11,4703.72,4562.09
26-12-2023,316960.32,263290.43,149639.88,149639.88,5887.18,5822.80
27-12-2023,346389.57,254103.73,152249.70,152249.70,6124.52,6103.71
28-12-2023,339948.95,271975.20,164039.80,164039.80,5934.88,5938.28
29-12-2023,338771.36,294339.56,167863.97,167863.97,5693.30,5747.11
30-12-2023,337444.55,272850.34,157730.25,157730.25,5850.06,5910.77
31-12-2023,274720.00,310274.13,164320.82,164320.82,5010.38,5368.16
01-12-2024,253428.90,473516.91,173104.29,173104.29,3039.12,3112.75
02-12-2024,279294.07,438349.85,177655.52,177655.52,3558.66,3647.58
03-12-2024,264496.25,463681.41,178673.36,178673.36,3368.41,3425.39
04-12-2024,270406.18,470505.15,200472.23,200472.23,3165.77,3194.21
05-12-2024,326590.94,427901.00,191074.23,191074.23,3951.46,3976.04
06-12-2024,347294.17,414316.46,197880.45,197880.45,4187.52,4257.05
07-12-2024,354168.56,413555.95,178417.04,178417.04,3526.05,3532.74
08-12-2024,266231.59,471800.15,182813.62,182813.62,3021.62,3038.35
09-12-2024,293283.53,434265.45,197825.89,197825.89,3517.56,3490.21
10-12-2024,314857.91,469746.98,213416.15,213416.15,3589.08,3542.18
11-12-2024,332935.53,469358.89,211521.94,211521.94,3906.30,3756.38
12-12-2024,339630.60,471148.62,222663.54,222663.54,3894.05,3830.93
13-12-2024,345049.45,476444.86,222258.91,222258.91,3874.57,3821.82
14-12-2024,317870.74,496965.84,220060.78,220060.78,3447.77,3460.21
15-12-2024,305881.19,570180.61,222828.55,222828.55,2931.39,2942.39
16-12-2024,351483.48,474501.88,227625.01,227625.01,3924.78,3906.44
17-12-2024,355394.52,468746.55,233444.66,233444.66,3988.92,4030.71
18-12-2024,381355.14,438688.04,225681.94,225681.94,4550.24,4339.66
19-12-2024,356581.82,422513.68,213813.87,213813.87,4698.72,4474.02
20-12-2024,369948.93,429620.31,220632.95,220632.95,4488.84,4252.01
21-12-2024,377195.99,436641.93,226307.50,226307.50,4449.14,4208.04
22-12-2024,352705.53,536624.98,256030.90,256030.90,3336.43,3366.49
23-12-2024,404481.96,489937.10,255570.93,255570.93,4489.84,4309.26
24-12-2024,409075.55,460637.17,243700.18,243700.18,4737.73,4501.65
25-12-2024,377388.39,499549.18,254278.15,254278.15,4290.38,4266.84
26-12-2024,359103.96,444586.19,217009.25,217009.25,4542.36,4390.75
27-12-2024,365948.06,465431.38,231316.80,231316.80,4471.04,4446.86
28-12-2024,334287.75,487303.34,224911.69,224911.69,3658.73,3616.90
29-12-2024,244208.52,563066.18,189396.45,189396.45,2934.30,2890.93
30-12-2024,341145.61,444709.15,223029.05,223029.05,4659.31,4567.48
31-12-2024,314488.10,440971.40,209712.45,209712.45,4516.62,4384.21
01-02-2023,211303.96,268631.87,136155.69,136155.69,4920.16,5034.69
02-02-2023,217621.95,257144.15,136087.55,136087.55,5054.95,5146.64
03-02-2023,236145.92,290766.74,152397.21,152397.21,4855.84,4921.02
04-02-2023,242852.16,286389.93,153648.36,153648.36,4873.16,4946.96
05-02-2023,246769.58,311863.50,168199.72,168199.72,4201.78,4359.48
06-02-2023,261470.14,277810.75,161082.70,161082.70,5152.91,5326.01
07-02-2023,241175.95,318713.10,169105.74,169105.74,4299.96,4430.70
08-02-2023,260421.66,306153.70,175004.22,175004.22,4770.82,4869.69
09-02-2023,272879.23,276615.65,162702.37,162702.37,5185.48,5291.51
10-02-2023,295234.11,261407.94,167136.09,167136.09,5608.81,5634.19
11-02-2023,298379.05,254108.21,152619.61,152619.61,5928.30,6316.33
12-02-2023,266678.99,271945.00,160694.38,160694.38,5086.71,5708.25
13-02-2023,342320.19,243896.27,175569.43,175569.43,6796.67,6930.66
14-02-2023,353348.61,243652.74,191445.76,191445.76,6878.96,6924.12
15-02-2023,365032.93,220645.67,189237.16,189237.16,7410.58,7218.70
16-02-2023,351198.95,202901.53,173413.58,173413.58,7852.45,7459.72
17-02-2023,373743.07,204762.58,180784.43,180784.43,8473.96,8005.33
18-02-2023,368796.84,192800.37,175040.95,175040.95,8960.79,8403.27
19-02-2023,319073.30,266615.42,202998.70,202998.70,6126.14,6238.80
20-02-2023,337645.41,213304.26,173760.67,173760.67,7994.39,7669.67
21-02-2023,343545.35,208876.99,177546.97,177546.97,8114.45,7630.38
22-02-2023,313715.62,202902.48,163736.39,163736.39,7244.28,6839.43
23-02-2023,351417.11,195176.47,165816.81,165816.81,7838.08,7463.42
24-02-2023,346653.46,166073.56,145363.97,145363.97,8368.20,7939.63
25-02-2023,329393.97,174846.55,154600.20,154600.20,8861.24,8683.59
26-02-2023,343012.19,199198.70,169964.86,169964.86,8124.89,8149.63
27-02-2023,389806.61,180469.40,163891.18,163891.18,8988.42,8708.11
28-02-2023,349935.69,175739.47,160758.46,160758.46,9081.91,8834.38
01-02-2024,348900.74,239216.20,155837.68,155837.68,6488.42,6750.15
02-02-2024,281080.60,267417.84,153312.58,153312.58,5669.97,6056.55
03-02-2024,278566.75,242671.75,139711.11,139711.11,6095.60,6124.64
04-02-2024,200380.69,332364.22,143243.94,143243.94,4219.71,4413.23
05-02-2024,250095.37,306286.66,160155.89,160155.89,5607.33,5830.70
06-02-2024,260963.39,311292.99,170887.18,170887.18,5461.63,5558.04
07-02-2024,274350.45,268801.04,156845.76,156845.76,5720.97,5622.75
08-02-2024,285676.68,270054.82,162057.15,162057.15,5704.01,5720.30
09-02-2024,308977.99,278885.72,167780.48,167780.48,5800.99,5728.71
10-02-2024,308977.99,278885.72,159084.98,159084.98,5639.30,5647.42
11-02-2024,208744.47,323326.88,151768.08,151768.08,4132.40,4286.22
12-02-2024,309677.78,290262.46,177340.91,177340.91,5897.70,5969.97
13-02-2024,320912.49,292592.95,187533.93,187533.93,5841.73,5800.24
14-02-2024,298279.58,299351.89,176510.26,176510.26,5417.55,5414.29
15-02-2024,266106.61,308578.07,165493.13,165493.13,4904.79,5048.25
16-02-2024,254863.52,301197.82,162603.26,162603.26,4757.88,4813.34
17-02-2024,238399.19,319012.26,158925.76,158925.76,4221.24,4266.13
18-02-2024,190901.67,309137.42,127296.97,127296.97,3725.35,3744.33
19-02-2024,238008.65,317830.85,157697.60,157697.60,4034.97,4041.25
20-02-2024,226909.98,333515.67,155100.29,155100.29,3876.59,3914.29
21-02-2024,247695.39,336042.13,156654.89,156654.89,3947.24,4031.70
22-02-2024,278275.26,355964.83,185278.58,184731.76,4120.41,4183.44
23-02-2024,312469.55,313696.38,185294.95,185308.55,4983.16,5046.42
24-02-2024,321529.47,292396.04,191373.86,191373.86,5122.12,5066.21
25-02-2024,241041.29,347305.91,162973.16,162973.16,3814.36,3848.27
26-02-2024,286424.52,319550.50,188660.88,188660.88,4811.37,4828.39
27-02-2024,260392.04,346445.26,181355.16,181355.16,4003.14,4065.76
28-02-2024,222878.97,301908.07,147763.01,147763.01,3973.04,3974.82
29-02-2024,252322.82,272312.14,153740.61,153740.61,4836.18,4942.23
01-02-2025,351162.97,370868.74,201484.12,201484.12,4892.69,4799.35
02-02-2025,254161.56,390319.00,177055.90,177055.90,3470.61,3527.68
03-02-2025,313188.40,363078.36,182783.56,182783.56,4607.04,4454.01
04-02-2025,331274.58,374931.48,190288.00,190288.00,4552.76,4395.15
05-02-2025,340586.31,374189.51,191412.53,191412.53,4627.16,4500.54
06-02-2025,357829.10,359226.05,196403.44,196403.44,4713.24,4507.67
07-02-2025,326844.46,372585.25,188680.27,188680.27,4469.91,4266.61
08-02-2025,315440.68,422962.20,196422.41,196422.42,3917.08,3840.86
09-02-2025,290825.10,467936.83,200661.16,200661.16,3266.59,3236.31
10-02-2025,345423.44,375601.06,188666.05,188666.05,4432.76,4403.15
11-02-2025,376026.53,368926.19,190479.05,190479.05,4431.14,4445.19
12-02-2025,382013.97,355057.45,199475.71,199475.71,4792.41,4733.48
13-02-2025,396962.57,348476.68,201250.75,201250.75,4870.72,4831.11
14-02-2025,371928.33,348544.22,193533.84,193533.84,4571.41,4543.10
15-02-2025,306966.66,380875.92,195265.37,195265.37,4129.35,4207.20
16-02-2025,284972.06,456643.55,189350.47,189350.47,3143.99,3171.06
17-02-2025,352384.69,388676.12,202471.42,202471.42,4376.56,4462.15
18-02-2025,355561.68,371163.05,195744.33,195744.33,4327.33,4333.93
19-02-2025,354564.56,329901.34,179167.82,179167.82,4474.99,4386.34
20-02-2025,371086.66,341211.41,185286.35,185286.35,4501.50,4361.55
21-02-2025,397365.65,338644.49,196572.12,196572.12,4847.23,4710.22
22-02-2025,386028.79,360164.94,209834.75,209834.75,4690.03,4522.51
23-02-2025,335200.10,375065.27,202352.79,202352.79,3895.73,4010.38
24-02-2025,369139.56,348599.48,198666.05,198666.05,4753.77,4591.44
25-02-2025,362686.28,338530.60,190146.14,190146.14,4674.27,4576.14
26-02-2025,338522.97,323795.66,175451.10,175451.10,4381.50,4288.75
27-02-2025,348558.07,359002.25,197723.94,197723.94,4344.86,4302.67
28-02-2025,361386.27,330349.83,191969.13,191969.13,4519.81,4578.70
01-01-2023,269391.24,337580.79,190892.83,190892.83,4917.75,5127.82
02-01-2023,282645.84,325809.82,185357.88,185357.88,5906.33,6384.18
03-01-2023,270767.90,302412.99,172497.40,172497.40,5373.37,5762.79
04-01-2023,258501.29,266575.33,149955.98,149955.98,6015.32,6386.31
05-01-2023,293749.53,257208.20,152698.16,152698.16,6909.16,7212.59
06-01-2023,327432.69,247228.36,159528.81,159528.81,7228.08,7581.34
07-01-2023,367766.69,266228.28,177270.51,177270.51,7702.27,8032.40
08-01-2023,320418.66,312547.14,198296.07,198296.07,5852.16,6268.10
09-01-2023,309874.36,258214.16,161487.62,161487.62,7552.79,7646.32
10-01-2023,335655.65,214000.02,145166.70,145166.70,8085.17,8083.20
11-01-2023,353048.71,177537.26,129044.07,129044.07,8686.97,8390.68
12-01-2023,338604.64,214304.52,154714.01,154714.01,8412.51,8339.16
13-01-2023,352693.96,218982.82,155553.56,155553.56,8522.05,8285.68
14-01-2023,325948.45,209218.83,145186.67,145186.67,7832.26,7811.71
15-01-2023,275474.31,252025.00,153710.99,153710.99,6429.60,6657.68
16-01-2023,234811.62,261193.51,144140.43,144140.43,6207.22,6597.60
17-01-2023,286823.45,264912.02,147851.32,147851.32,6338.73,6622.98
18-01-2023,290320.30,279681.48,152018.94,152018.94,6024.38,6366.57
19-01-2023,308216.86,292319.13,164259.23,164259.23,6309.66,6740.78
20-01-2023,307220.22,249082.11,144366.45,144366.45,6958.49,7418.49
21-01-2023,321007.43,281724.99,167166.88,167166.88,6935.78,7465.37
22-01-2023,278992.61,333563.50,161253.55,161253.55,4668.63,4819.03
23-01-2023,299775.33,305806.64,163594.73,163594.73,6043.37,6562.15
24-01-2023,256890.71,348437.42,170399.88,170399.88,4912.40,5294.02
25-01-2023,248885.00,312135.88,164743.26,164743.26,5037.62,5266.88
26-01-2023,189963.62,301587.89,129238.75,129238.75,3884.87,4071.50
27-01-2023,222370.75,300111.09,143343.84,143343.84,4615.84,4738.51
28-01-2023,254680.32,290338.68,163357.83,163357.83,4982.02,5026.23
29-01-2023,246433.53,347167.87,169741.05,169741.05,3938.92,4053.81
30-01-2023,276369.59,318474.50,184870.42,184870.42,4975.26,5004.88
31-01-2023,215487.05,304898.28,146254.51,146254.51,4288.90,4389.69
01-01-2024,290276.97,323576.93,177609.37,177609.37,5221.65,5510.02
02-01-2024,307354.13,294033.70,165873.11,165873.11,5575.56,5804.13
03-01-2024,261073.67,308382.67,158148.80,158148.80,5076.23,5431.58
04-01-2024,334977.00,308406.24,175979.09,175979.09,5574.80,5672.05
05-01-2024,370424.01,300997.96,180627.34,180627.34,5693.79,5894.56
06-01-2024,324946.49,286664.66,175617.39,175617.39,5698.24,5900.10
07-01-2024,279388.69,305203.61,177341.29,177341.29,5078.34,5509.53
08-01-2024,314634.53,284617.87,169734.57,169734.57,5767.05,5976.61
09-01-2024,291554.04,308026.60,176334.64,176334.64,5191.33,5324.97
10-01-2024,331156.46,331713.67,195502.85,195502.85,5547.23,5600.95
11-01-2024,316956.96,360614.93,197335.21,197335.21,5204.93,5402.85
12-01-2024,313859.46,359543.12,195872.00,195872.00,5189.45,5305.98
13-01-2024,306894.34,355256.89,185317.18,185317.18,5231.07,5519.68
14-01-2024,284744.78,348943.92,178291.94,178291.94,4293.63,4512.62
15-01-2024,326590.64,307650.28,174438.98,174438.98,5798.16,6052.26
16-01-2024,331239.11,283748.16,165866.60,165866.60,6019.62,6218.95
17-01-2024,331362.74,281687.11,171061.05,171061.05,5900.70,6273.93
18-01-2024,358700.03,270017.26,175151.98,175151.98,6178.47,6483.29
19-01-2024,374128.68,265646.77,173022.49,173022.49,6354.83,6571.90
20-01-2024,385933.33,256611.16,170267.96,170267.96,6538.15,6584.35
21-01-2024,306685.71,278862.72,172800.56,172800.56,5731.82,6002.46
22-01-2024,393013.51,263095.99,177953.24,177953.24,6623.44,6837.85
23-01-2024,385268.59,263495.22,174003.07,174003.07,6509.85,6665.22
24-01-2024,427446.17,256208.27,183783.23,183783.23,6727.38,6808.50
25-01-2024,427262.48,264134.52,185658.62,185658.62,6660.60,6812.18
26-01-2024,361013.76,289231.95,194577.45,194577.45,5945.70,6414.07
27-01-2024,379475.81,266431.44,178444.43,178444.43,6505.84,6609.40
28-01-2024,323316.44,300500.15,197597.34,197597.34,5752.56,5921.20
29-01-2024,393486.32,296377.49,196282.27,196282.27,6305.89,6393.44
30-01-2024,416253.34,264820.24,182384.16,182384.16,6492.11,6512.78
31-01-2024,392643.08,268091.01,178968.01,178968.01,6355.07,6402.73
01-01-2025,278235.93,404460.79,203496.54,203496.55,3724.62,3725.31
02-01-2025,323380.57,504506.78,230607.21,230607.21,3863.89,3805.29
03-01-2025,310159.63,523911.98,225633.05,225633.05,3719.84,3756.96
04-01-2025,333634.85,485270.55,227664.68,227664.68,4253.86,4255.04
05-01-2025,275882.84,495228.35,199492.05,199492.05,3395.79,3434.36
06-01-2025,334146.84,412557.88,199499.98,199499.98,4940.59,5003.29
07-01-2025,340448.73,412899.55,200063.24,200063.25,4928.84,4871.12
08-01-2025,326155.67,413400.67,191681.98,191681.98,4851.79,4755.70
09-01-2025,354939.14,386492.75,184144.03,184144.03,5080.65,4886.47
10-01-2025,337946.86,374547.33,181038.80,181038.80,4972.83,4816.08
11-01-2025,333680.61,390295.69,189511.77,189511.77,5036.04,4950.31
12-01-2025,258785.55,421365.78,186512.19,186512.19,4077.94,4395.81
13-01-2025,330823.63,374732.82,183889.46,183889.46,5147.96,5198.21
14-01-2025,313787.94,432049.92,206858.53,206858.53,4689.01,4717.72
15-01-2025,308561.62,441274.85,201244.61,201244.61,4616.28,4881.96
16-01-2025,297053.76,410484.98,189164.16,189164.16,4506.09,4560.26
17-01-2025,301758.48,406306.28,189505.84,189505.84,4794.44,4850.73
18-01-2025,317178.60,395875.20,190487.22,190487.22,4889.92,4826.15
19-01-2025,286436.03,445571.96,203382.20,203382.20,3813.02,4009.18
20-01-2025,317489.53,393312.03,176801.78,176801.78,4824.50,4527.03
21-01-2025,310977.00,394980.77,174966.80,174966.80,4723.16,4553.16
22-01-2025,287024.35,411269.66,178738.30,178738.30,4424.65,4224.45
23-01-2025,299473.27,415384.22,191408.86,191408.86,4338.97,4211.69
24-01-2025,307377.98,379464.25,179886.61,179886.61,4615.11,4349.55
25-01-2025,286886.71,423453.43,175322.43,175322.43,4264.85,4190.10
26-01-2025,226153.19,492667.50,173068.80,173068.80,2938.32,3010.05
27-01-2025,299202.97,427747.18,190870.56,190870.56,4482.04,4480.26
28-01-2025,306949.88,410739.85,189835.78,189835.78,4327.28,4279.81
29-01-2025,307289.87,422221.77,194906.31,194906.31,4197.94,4089.43
30-01-2025,352194.07,398596.96,202128.55,202128.55,4555.56,4400.11
31-01-2025,354839.77,398905.30,205576.32,205576.32,4610.72,4475.75
01-07-2022,166572.08,281450.90,105820.00,105820.00,4036.04,4159.11
02-07-2022,190661.92,255571.45,114892.30,114892.30,4424.93,4460.18
03-07-2022,199419.62,271702.96,124170.44,122220.89,3892.20,3943.34
04-07-2022,191994.77,225432.55,114138.91,114138.91,4470.75,4520.90
05-07-2022,191479.00,215350.18,108668.19,108668.19,4793.52,4970.96
06-07-2022,224611.33,190491.01,118570.16,118570.16,6589.28,6877.09
07-07-2022,188170.44,180751.53,95865.56,94175.10,6408.96,6900.70
08-07-2022,221220.43,170715.85,104057.06,104057.06,7219.88,7409.98
09-07-2022,189322.89,191849.86,107152.04,106339.91,6105.13,6319.71
10-07-2022,111912.35,254740.78,84418.91,84418.91,3078.42,3004.61
11-07-2022,146051.30,211891.86,85826.09,85826.09,4970.88,5226.52
12-07-2022,155988.69,206820.53,97385.92,97385.92,5498.48,5716.35
13-07-2022,132206.55,240549.64,93380.63,93380.63,3926.62,3970.92
14-07-2022,164499.48,238186.28,110211.84,110211.84,4953.40,4968.56
15-07-2022,171242.16,228919.46,111461.03,111461.03,5406.86,5431.02
16-07-2022,165642.13,208508.06,109372.23,109372.23,5734.19,5760.01
17-07-2022,149118.15,218596.70,97376.23,97376.23,4261.72,4382.95
18-07-2022,175359.68,190680.35,108026.40,108026.40,5867.30,5841.26
19-07-2022,189145.35,188188.62,122968.25,122968.25,6365.78,6176.13
20-07-2022,178735.19,228136.86,128424.48,128424.48,5809.11,5948.96
21-07-2022,221125.39,227090.06,144490.19,144490.19,6224.85,5974.33
22-07-2022,202211.32,207963.33,116747.23,116747.23,5763.28,5520.65
23-07-2022,167664.56,187319.09,107505.20,107505.20,5584.49,5529.36
24-07-2022,144320.76,235892.71,91777.49,91777.49,4145.05,4159.46
25-07-2022,150137.99,186984.67,91905.46,91905.46,4842.43,4885.79
26-07-2022,200015.82,185753.47,115024.44,115024.44,6094.91,6089.22
27-07-2022,193712.13,197788.21,121002.40,121002.40,6007.68,5933.01
28-07-2022,251499.66,225227.40,159864.50,159864.50,6382.87,6114.66
29-07-2022,248887.47,199190.68,145621.84,145621.84,6813.25,6364.58
30-07-2022,280444.52,191552.83,154292.73,154292.73,7487.89,7012.24
31-07-2022,185592.01,251430.09,130686.19,130686.19,4548.00,4590.63
01-07-2023,181819.25,365043.21,135723.60,135723.60,3468.65,3552.81
02-07-2023,189153.01,358214.45,137708.99,137708.99,3077.73,3249.42
03-07-2023,230873.02,252282.83,133111.83,133111.83,4621.29,4598.82
04-07-2023,242704.74,251617.76,130850.75,130850.75,4927.94,4832.51
05-07-2023,227859.23,229317.21,127207.51,127207.51,5218.00,4903.81
06-07-2023,256795.64,247419.93,135030.93,135030.93,5230.51,5028.17
07-07-2023,206325.38,274710.10,113270.98,113270.98,4103.56,3958.76
08-07-2023,201191.55,310108.23,123380.56,123380.56,3459.49,3416.95
09-07-2023,141065.70,338700.32,106130.10,106130.10,2437.58,2523.94
10-07-2023,219846.37,299269.08,133261.36,133261.36,3844.46,3826.39
11-07-2023,271866.88,243036.87,128811.87,128811.87,5264.91,4932.56
12-07-2023,261021.09,285201.75,135106.11,135106.11,4873.23,4723.17
13-07-2023,302762.86,260488.63,144295.37,144295.37,5410.63,4991.00
14-07-2023,312444.94,242282.81,141044.99,141044.99,5624.73,5221.73
15-07-2023,308535.87,257743.52,150078.05,150078.05,5602.54,5096.78
16-07-2023,280374.01,284658.82,133435.25,133435.25,5259.43,4913.61
17-07-2023,261022.40,261480.81,138482.72,138482.72,5247.46,4938.08
18-07-2023,270567.90,276561.90,141067.72,141067.72,4941.15,4552.37
19-07-2023,239054.85,312529.33,132139.98,132139.98,4570.37,4535.41
20-07-2023,240982.31,279411.46,127514.43,127514.43,4953.99,4851.37
21-07-2023,268546.98,260394.06,128779.00,128779.00,5355.46,5191.81
22-07-2023,263675.67,283383.27,141170.13,141170.13,5304.38,5333.16
23-07-2023,227810.91,297026.42,126115.37,126115.37,4327.71,4833.82
24-07-2023,235766.82,248470.20,116656.93,116656.93,4804.36,4912.11
25-07-2023,236850.05,248186.80,120697.33,120697.33,4917.98,5152.93
26-07-2023,225011.54,235868.58,120990.44,120990.44,5161.17,5471.64
27-07-2023,203243.36,267710.37,114663.25,114663.25,4583.16,5027.31
28-07-2023,183239.13,333356.46,108992.30,108992.30,3608.53,3665.12
29-07-2023,177202.65,329331.59,107313.26,107313.26,3393.48,3393.68
30-07-2023,182748.30,323952.81,108966.97,108966.97,2852.38,2812.25
31-07-2023,219377.80,258622.61,124204.75,124204.75,4530.49,4746.25
01-07-2024,247460.41,368445.19,183065.97,183669.26,4103.68,4232.11
02-07-2024,247460.41,368445.19,186497.73,186638.47,3987.20,4084.17
03-07-2024,269510.39,420001.79,194305.65,196374.80,4247.49,4292.26
04-07-2024,286112.50,425045.16,196209.42,196890.15,4281.21,4135.16
05-07-2024,254355.07,452499.93,198351.59,198351.59,4194.49,4143.35
06-07-2024,285337.82,394806.09,196182.96,196182.96,4821.34,4541.55
07-07-2024,187310.55,486609.97,149125.32,149125.32,2889.54,3064.39
08-07-2024,229128.32,436949.02,166052.00,166052.00,4081.02,4111.15
09-07-2024,278541.69,382027.51,184613.20,184613.20,4747.77,4744.21
10-07-2024,305442.55,316520.88,187427.36,187427.36,5189.36,5078.90
11-07-2024,340734.71,260434.05,175355.67,175355.67,6093.18,5615.59
12-07-2024,298650.28,263036.73,162211.92,162211.92,5660.45,5169.85
13-07-2024,246246.50,280266.65,141122.73,141555.38,5018.21,4261.12
14-07-2024,209857.39,352143.14,158097.64,157827.63,3884.64,3946.06
15-07-2024,293897.01,298344.85,172497.06,172497.06,5157.55,4628.55
16-07-2024,331697.41,263538.51,171045.24,166802.24,5643.00,5009.05
17-07-2024,274908.69,255970.62,152858.24,147300.77,5353.80,4768.73
18-07-2024,350685.44,239159.59,158898.75,157811.93,6562.22,5736.77
19-07-2024,315228.59,247686.21,166095.41,158211.92,6205.05,5488.94
20-07-2024,292168.05,246025.28,161380.94,159603.24,5651.74,4970.82
21-07-2024,243288.01,318006.80,157984.69,152933.02,4596.74,4511.27
22-07-2024,252947.04,270478.26,153520.99,148493.05,4944.09,4443.76
23-07-2024,243073.84,243522.67,145437.34,142853.79,5071.64,4612.35
24-07-2024,281429.29,275705.87,160754.46,160127.57,5476.53,4979.72
25-07-2024,235655.00,291208.93,142610.01,141616.44,4679.96,4324.50
26-07-2024,241818.55,271059.35,135524.73,134634.61,4850.66,4409.05
27-07-2024,226192.71,304312.79,155867.97,151541.00,4480.05,4251.14
28-07-2024,222217.03,334984.53,151856.55,152427.17,4376.97,4394.96
29-07-2024,264989.48,263197.18,142179.25,141874.70,5228.88,4887.55
30-07-2024,325123.60,250042.36,165204.47,164425.61,5860.90,5283.97
31-07-2024,422813.36,174325.05,135949.42,135208.55,7164.42,6330.20
01-06-2022,195662.72,196876.93,125685.87,125685.87,6567.19,7061.28
02-06-2022,222509.54,208465.83,147275.88,147275.86,7206.03,7870.00
03-06-2022,211094.42,207113.85,139839.84,139839.84,6735.32,7397.86
04-06-2022,236464.27,194967.59,144040.60,144040.60,7650.32,8232.92
05-06-2022,221317.07,206021.94,140270.00,140270.00,7040.70,7656.35
06-06-2022,271207.82,213155.01,166380.21,166375.41,8069.69,8480.74
07-06-2022,207048.59,245516.80,147834.12,147834.12,6095.86,6653.04
08-06-2022,220237.05,239869.00,146112.90,146112.90,6395.89,7039.19
09-06-2022,230895.25,232600.36,149253.30,149253.30,6878.20,7394.51
10-06-2022,227559.77,228808.10,151788.43,151788.43,7030.00,7570.89
11-06-2022,235196.39,203788.01,143551.24,143551.24,7769.24,8242.32
12-06-2022,193227.99,250228.38,136707.25,136707.25,5848.79,6856.88
13-06-2022,252482.63,192239.62,140273.74,140272.77,8354.53,8624.81
14-06-2022,286301.33,164020.49,132019.83,132019.83,9345.75,9510.93
15-06-2022,306704.24,163163.76,140864.79,140864.79,10143.08,10046.05
16-06-2022,244429.55,182698.68,134350.14,134350.14,8604.31,8713.37
17-06-2022,179888.53,208925.08,120189.02,120189.02,6570.06,6925.10
18-06-2022,159551.26,245891.61,109303.44,109303.44,5075.01,5363.18
19-06-2022,193683.25,268796.95,126999.97,126999.97,4257.89,4434.02
20-06-2022,181737.15,275494.00,125421.70,125421.70,4414.60,4517.30
21-06-2022,180522.24,335763.07,137120.71,137120.71,3543.96,3531.21
22-06-2022,214143.45,292301.63,147161.17,147161.17,4259.72,4293.48
23-06-2022,232292.92,267121.18,149486.21,149486.21,5217.33,5168.09
24-06-2022,243915.03,194363.75,121776.06,121776.06,7085.60,7200.36
25-06-2022,220673.98,229238.16,123533.40,123533.40,5509.09,5628.51
26-06-2022,206763.86,243452.29,116222.30,116222.30,5030.86,5222.83
27-06-2022,221403.18,236095.57,135328.49,135328.49,6126.62,6410.35
28-06-2022,220649.50,214983.20,144032.82,144032.82,6657.81,6846.92
29-06-2022,230056.52,205754.76,140900.94,140900.94,7507.09,7728.73
30-06-2022,138460.13,287665.29,101276.19,101276.19,3788.90,3723.44
01-06-2023,273951.72,224625.67,156409.65,156409.65,6060.58,5824.44
02-06-2023,277978.88,263927.53,170591.10,170591.10,5641.77,5484.91
03-06-2023,271098.37,259864.04,161027.38,161027.38,5770.27,5652.39
04-06-2023,238219.62,272979.26,155368.31,155368.31,5690.80,5767.79
05-06-2023,262935.04,258405.15,161751.88,161751.88,5713.95,5519.61
06-06-2023,267302.92,191057.59,130210.09,130210.09,6527.92,5952.11
07-06-2023,277107.80,202071.07,133082.11,133082.11,6520.71,6013.02
08-06-2023,285738.25,210458.77,139278.26,139278.26,6281.36,5666.94
09-06-2023,257603.17,202160.85,135361.98,135361.98,6395.50,5995.29
10-06-2023,256558.90,199532.67,126293.64,126293.64,6551.30,5906.11
11-06-2023,212773.40,260458.78,128040.62,128040.62,5144.46,5257.78
12-06-2023,232430.89,240334.51,138432.39,138432.39,5588.93,5542.31
13-06-2023,207834.08,231936.58,123280.57,123280.57,5481.25,5398.62
14-06-2023,233179.73,235971.04,128001.47,128001.47,5666.47,5525.88
15-06-2023,201495.37,240702.85,114913.90,114913.90,5242.61,5035.06
16-06-2023,251335.32,219545.64,117132.96,117132.96,6020.42,5629.85
17-06-2023,301868.36,191123.55,123601.38,123601.38,6793.40,6398.46
18-06-2023,233084.43,239288.06,120164.75,120164.75,5424.31,5248.36
19-06-2023,293953.98,231448.64,138746.68,138746.68,5812.75,5166.12
20-06-2023,249989.44,234305.26,144081.43,144081.43,5535.99,4995.20
21-06-2023,283249.69,225678.58,148601.18,148601.18,6041.53,5483.19
22-06-2023,282722.10,246337.07,142178.43,142178.43,5779.97,5267.17
23-06-2023,251432.75,301600.45,147806.44,147806.44,5038.59,4941.66
24-06-2023,272433.65,286130.64,152688.55,152688.55,5518.00,5314.97
25-06-2023,211449.36,347771.75,143955.21,143315.02,4241.35,4488.62
26-06-2023,178198.41,414050.63,130684.59,130684.59,3079.14,3132.32
27-06-2023,194919.03,379318.24,130148.39,130148.39,3241.05,3270.54
28-06-2023,185033.02,339748.50,127559.52,127559.52,3644.33,3669.77
29-06-2023,168332.93,373833.52,130554.51,130554.51,2918.36,2902.61
30-06-2023,183525.02,336969.77,124032.05,124032.05,3725.97,3671.95
01-06-2024,310383.80,252486.43,171137.96,171137.96,5876.90,5309.22
02-06-2024,214441.54,295713.89,156129.72,156129.72,4755.98,4622.18
03-06-2024,250573.26,264784.43,157925.56,157925.56,5377.27,4751.37
04-06-2024,307089.80,258881.62,170954.21,170954.21,6246.93,5473.70
05-06-2024,332567.55,225349.45,144231.64,144231.64,6467.19,5495.08
06-06-2024,292324.96,245333.99,140561.42,140561.42,5854.67,4957.14
07-06-2024,200711.77,279354.80,127320.92,127320.92,4973.11,4491.22
08-06-2024,209613.47,312990.16,153750.78,153750.78,4362.03,4350.74
09-06-2024,178420.47,358903.74,135703.62,135703.62,3332.54,3437.02
10-06-2024,253573.58,308444.83,155921.28,155921.28,4821.43,4552.02
11-06-2024,269546.72,308729.10,153360.11,153360.11,4917.51,4561.91
12-06-2024,294094.45,296774.56,159174.40,159174.40,5110.70,4569.51
13-06-2024,302643.84,314834.11,167009.92,167009.92,5227.45,4628.88
14-06-2024,293034.28,333259.22,174344.01,174344.01,4840.70,4446.96
15-06-2024,283592.29,294547.59,154193.14,154193.14,4931.63,4344.69
16-06-2024,300725.36,271630.11,144024.87,142930.73,5459.52,4747.28
17-06-2024,418070.59,243543.19,163582.57,163582.57,6361.17,5156.41
18-06-2024,393847.40,209571.19,138540.51,138540.51,6781.98,5418.99
19-06-2024,408259.52,232997.99,144220.12,144220.12,6722.47,5538.56
20-06-2024,339453.74,296252.55,189934.66,189301.50,6597.24,5964.77
21-06-2024,318509.07,322936.40,202902.23,165857.98,5435.04,4939.63
22-06-2024,328545.46,332604.84,200689.96,169399.30,5482.94,5111.35
23-06-2024,299809.34,321390.63,182805.89,163626.26,5147.28,4781.61
24-06-2024,340140.67,299588.86,189865.44,173167.53,5960.59,5345.33
25-06-2024,355145.83,302611.54,203737.14,181901.91,6326.24,5647.52
26-06-2024,323346.64,308025.44,193893.90,182434.25,5654.61,5142.30
27-06-2024,333093.67,281147.64,192515.41,181330.07,6151.50,5511.15
28-06-2024,254333.94,326255.86,168171.42,165614.33,4939.75,4818.02
29-06-2024,231842.86,390536.52,174639.12,174061.21,4146.50,4312.20
30-06-2024,239020.42,415379.80,183663.16,178547.21,3960.00,4187.06
01-03-2023,313262.84,151405.71,140962.23,140962.23,9697.02,9410.39
02-03-2023,269017.04,199815.43,149407.55,149407.55,6347.57,6199.79
03-03-2023,301996.16,189708.55,149751.20,149751.20,7859.51,7711.58
04-03-2023,316114.50,181491.67,156353.07,156353.07,8528.47,8323.30
05-03-2023,290408.33,229333.54,161973.23,161973.23,6386.68,6407.73
06-03-2023,258350.19,229326.73,154429.03,154429.03,6758.31,6821.66
07-03-2023,251001.93,236261.56,156991.53,156991.53,5774.10,5950.88
08-03-2023,212348.78,260949.08,113253.50,113253.50,3780.95,3798.57
09-03-2023,257852.18,240715.65,159022.47,159022.47,5450.86,5400.19
10-03-2023,311666.98,264255.94,173177.47,173177.47,5529.65,5502.25
11-03-2023,309601.69,251302.22,169988.87,169988.87,5544.31,5562.86
12-03-2023,308529.36,283354.11,164868.97,164868.97,5199.51,5402.02
13-03-2023,346324.02,256606.15,174862.68,174862.68,5740.73,5682.05
14-03-2023,330311.76,259853.90,175949.88,175949.88,5542.81,5500.87
15-03-2023,327284.41,217722.03,156508.98,156508.98,6174.39,6093.78
16-03-2023,317671.59,224651.06,158687.07,158687.07,5942.69,5871.84
17-03-2023,278769.10,225643.40,137575.59,137575.59,5094.68,5107.01
18-03-2023,260834.41,219211.79,122771.11,122771.11,4922.81,4952.76
19-03-2023,244413.07,226426.70,108253.77,108253.77,4600.00,4649.44
20-03-2023,243036.79,302666.72,134497.18,134497.18,4076.50,4018.63
21-03-2023,198497.61,359193.62,129671.87,129671.87,3241.77,3233.70
22-03-2023,243077.94,353848.68,147918.85,147918.85,3775.53,3739.96
23-03-2023,271100.83,323958.63,156112.55,156112.55,4089.57,4062.50
24-03-2023,259211.71,289662.99,136445.92,136445.92,4309.91,4336.88
25-03-2023,272362.13,286110.23,145670.47,145670.47,4453.30,4325.81
26-03-2023,270228.33,331456.27,157405.12,157405.12,4010.06,4019.19
27-03-2023,295958.59,287185.70,159369.92,159369.92,4992.35,4975.20
28-03-2023,303939.42,278863.04,169990.72,169990.72,5149.66,5075.93
29-03-2023,313412.01,267897.94,174075.79,174075.79,5662.58,5635.46
30-03-2023,294357.15,251338.39,167908.26,167908.26,5441.03,5375.79
31-03-2023,264591.43,297388.89,154528.75,154528.75,4143.72,4111.13
01-03-2024,223002.23,264165.88,136248.42,136248.42,4569.99,4857.10
02-03-2024,182309.95,311670.11,120137.81,120137.81,3576.70,3626.37
03-03-2024,183391.06,374799.40,140787.30,138021.17,3240.78,3233.45
04-03-2024,211347.42,322427.49,138554.22,139698.26,3647.54,3690.81
05-03-2024,188388.37,356923.46,123616.39,123783.90,3536.67,3558.90
06-03-2024,195060.74,359961.12,135308.10,136480.80,3366.54,3370.50
07-03-2024,219728.98,339839.49,151930.85,150549.51,3510.77,3528.29
08-03-2024,265350.77,330921.72,181747.08,180069.20,3913.62,3974.67
09-03-2024,283593.76,302866.22,174498.36,174752.01,4207.41,4255.62
10-03-2024,221881.97,376120.85,163016.59,160577.84,3408.04,3422.61
11-03-2024,258936.29,332389.75,170942.07,170155.59,3904.21,3988.14
12-03-2024,250147.42,322676.66,158088.67,158064.57,3657.13,3654.37
13-03-2024,264453.13,289937.24,158139.10,158139.10,4007.71,4046.92
14-03-2024,309199.11,244841.62,157845.99,157917.32,5034.73,4997.94
15-03-2024,298454.41,263493.20,167227.39,167145.58,4547.68,4511.53
16-03-2024,292969.32,253438.84,164728.69,164729.49,4804.08,4793.14
17-03-2024,255860.55,299113.67,151471.68,151471.68,3964.28,4014.29
18-03-2024,231687.81,271223.29,138606.32,138606.32,4033.19,4070.68
19-03-2024,257815.78,292951.87,155848.60,155848.60,4007.12,4043.50
20-03-2024,258589.11,316329.78,153502.25,153502.25,3918.49,3928.11
21-03-2024,266787.46,340363.38,168670.71,168670.71,3900.86,3921.63
22-03-2024,249819.90,357696.77,163707.23,163707.23,3673.36,3674.51
23-03-2024,259989.20,320884.14,164084.76,164084.76,3822.90,3858.30
24-03-2024,238625.17,354149.19,165767.97,165767.97,3488.61,3531.02
25-03-2024,166571.98,386094.20,123391.60,122585.33,2749.37,2855.43
26-03-2024,186177.71,362119.62,135399.23,135427.65,3189.07,3178.79
27-03-2024,214944.05,330772.12,133574.09,133572.72,3512.60,3548.73
28-03-2024,248132.22,277735.09,147142.02,147315.85,3945.03,3982.52
29-03-2024,279218.11,227497.53,135901.81,136334.49,4836.06,4844.08
30-03-2024,276454.85,254558.04,151518.05,151707.02,5164.61,5096.58
31-03-2024,217939.76,277273.09,133514.14,133514.14,4077.98,4204.20
01-03-2025,309416.67,289257.69,161996.98,161996.98,4218.20,4171.77
02-03-2025,286169.95,362448.08,170145.23,170145.23,3604.27,3557.22
03-03-2025,339964.32,288495.04,174562.82,174562.82,4970.20,4716.75
04-03-2025,352676.32,275391.83,171366.12,171366.12,5048.75,4732.00
05-03-2025,359543.28,281535.89,174961.44,174961.44,4999.26,4560.49
06-03-2025,364084.07,330415.90,184777.43,184777.43,4814.32,4468.00
07-03-2025,376403.17,319439.65,184094.02,184094.02,5070.85,4656.42
08-03-2025,333085.65,336147.99,178342.10,178342.10,4609.86,4309.84
09-03-2025,289726.98,369660.78,158029.23,158029.23,3500.63,3437.71
10-03-2025,359539.62,304804.86,176428.55,176428.55,4940.85,4811.29
11-03-2025,355529.71,306630.76,180886.78,180886.78,4776.42,4678.79
12-03-2025,364785.50,299675.13,190729.97,190729.97,4853.12,4681.58
13-03-2025,354818.09,302158.93,189007.92,189007.92,4603.62,4546.10
14-03-2025,296529.29,499061.80,209500.20,209500.20,2969.51,3056.18
15-03-2025,294882.15,418820.35,185095.43,185095.43,3596.52,3514.95
16-03-2025,294650.29,439654.03,194075.58,194075.58,3235.10,3186.81
17-03-2025,366686.31,301768.43,177059.03,177059.03,4901.02,4584.31
18-03-2025,359837.82,305501.18,186635.66,186635.66,5136.01,4714.66
19-03-2025,288650.03,344101.82,195226.04,195226.04,4667.96,4325.82
20-03-2025,352880.07,346899.50,184024.23,184024.23,4554.19,4181.42
21-03-2025,367225.04,315443.46,168832.85,168832.85,5091.47,4491.87
01-05-2022,412476.43,73752.33,73419.28,73419.28,11968.66,11956.55
02-05-2022,336618.93,73148.22,73148.22,73148.22,12000.00,12000.00
03-05-2022,277823.35,106301.43,96564.08,96564.08,11745.39,11638.24
04-05-2022,397808.20,102239.81,97361.75,97361.75,11669.49,11452.88
05-05-2022,341834.62,101354.63,93334.62,93334.63,11304.13,10992.02
06-05-2022,247290.09,107756.32,91345.84,91345.84,10380.10,10118.73
07-05-2022,233076.20,134475.51,100984.03,100984.03,9620.95,9382.96
08-05-2022,135393.43,142903.35,75145.21,75145.21,6844.69,7235.54
09-05-2022,170429.40,136998.95,94079.82,94079.82,8088.64,8275.96
10-05-2022,155469.26,172410.50,98274.66,98274.66,5484.38,5450.17
11-05-2022,185659.78,193402.49,106851.40,106851.40,5876.71,5945.11
12-05-2022,189254.20,204481.24,114909.94,114909.95,5887.10,5994.53
13-05-2022,187883.37,215020.75,124009.06,124009.05,4840.23,5040.81
14-05-2022,163662.02,222312.53,111960.14,111960.14,4358.88,4533.68
15-05-2022,134073.49,267811.68,95361.85,95361.84,3345.70,3499.15
16-05-2022,160805.72,203536.97,93707.24,93707.23,4677.99,4870.04
17-05-2022,186553.40,197959.02,105000.15,105000.15,5133.35,5307.90
18-05-2022,206774.15,166706.01,109089.14,109089.15,5905.63,6016.61
19-05-2022,237297.45,186919.18,137089.53,137089.53,6515.07,6681.16
20-05-2022,230449.86,176364.70,128320.29,128320.30,6943.46,7071.27
21-05-2022,193844.33,194849.03,120727.92,120727.92,6488.30,7021.05
22-05-2022,103943.60,251457.84,70117.06,70117.06,2887.33,2873.58
23-05-2022,124776.59,269126.47,79176.31,79176.31,3470.76,3544.29
24-05-2022,139168.64,259021.44,87926.01,87926.01,3541.35,3753.74
25-05-2022,225771.86,203958.06,111503.82,111503.81,4928.54,5088.22
26-05-2022,244184.65,187660.58,140291.21,140291.21,6613.75,6678.40
27-05-2022,210867.71,184508.76,125046.27,125046.23,7024.45,7266.56
28-05-2022,161558.04,201219.77,98657.08,98657.08,5222.36,5883.97
29-05-2022,142050.19,237223.12,97128.62,97128.62,4335.59,4706.08
30-05-2022,206761.47,184686.65,114922.15,114922.15,6449.59,6851.21
31-05-2022,190115.41,195612.97,107049.77,107049.77,5916.41,6296.90
01-05-2023,109413.89,339120.21,90102.76,90102.76,2840.51,2903.64
02-05-2023,148022.77,346873.55,112092.23,112092.23,3042.68,3055.14
03-05-2023,162061.94,327779.28,122354.42,122354.42,3114.50,3180.99
04-05-2023,185689.17,249851.47,122990.26,122990.26,3609.86,3630.04
05-05-2023,182978.90,257929.47,119950.49,119950.49,3639.64,3675.95
06-05-2023,204564.77,251492.28,131151.57,131151.57,3833.42,3829.27
07-05-2023,195296.08,296268.86,132028.55,132028.55,3635.27,3648.69
08-05-2023,256019.18,225938.26,135755.04,135755.04,5235.14,5036.23
09-05-2023,221616.68,230084.71,135200.56,135200.56,5354.91,5318.52
10-05-2023,268390.96,222247.64,141932.12,142345.10,6060.01,5722.98
11-05-2023,257381.63,247701.19,132997.56,132997.56,5543.41,5349.82
12-05-2023,263628.99,232758.06,135639.69,135639.69,5799.13,5570.63
13-05-2023,247766.38,299006.39,151216.73,151216.73,4930.44,4962.93
14-05-2023,202358.85,331469.35,131188.75,131188.75,4061.72,4110.29
15-05-2023,218617.20,239400.21,126386.03,126386.03,4822.31,5016.11
16-05-2023,208067.34,265759.95,121905.52,121905.52,4603.59,4730.93
17-05-2023,247259.09,214387.03,119540.18,119540.18,5711.30,5749.79
18-05-2023,314821.72,202203.43,133325.44,133325.44,6677.67,6061.33
19-05-2023,308716.00,207998.90,142887.87,142887.87,6523.18,6227.88
20-05-2023,305828.60,211987.94,142295.88,142295.88,6574.89,6344.38
21-05-2023,240582.41,269436.42,130089.58,130089.58,5116.54,5440.37
22-05-2023,270732.04,278827.37,144738.34,144738.34,5618.67,5955.52
23-05-2023,220527.56,301775.83,127597.28,127597.28,5017.12,5114.18
24-05-2023,214665.71,302921.14,136569.37,136569.37,5022.04,5042.60
25-05-2023,176723.89,410174.33,133426.23,133426.23,3470.08,3416.19
26-05-2023,177133.41,320176.61,119611.28,119611.28,3504.13,3577.28
27-05-2023,165325.84,355348.72,123621.79,123621.79,2897.59,3010.98
28-05-2023,198383.45,275413.77,121518.23,121518.23,3655.31,3746.40
29-05-2023,253748.06,229278.17,129749.63,129749.63,5576.32,5497.69
30-05-2023,227723.58,223902.41,125357.06,125357.06,5436.19,5419.77
31-05-2023,236116.00,231947.35,126125.54,126125.54,5943.32,5796.67
01-05-2024,255758.30,240739.51,115415.33,115415.33,5673.59,5034.01
02-05-2024,266624.12,229535.53,118885.18,118885.18,5800.43,4916.73
03-05-2024,284351.25,264744.01,131031.70,131031.70,5760.28,5079.94
04-05-2024,284669.21,246759.39,124907.26,124775.37,5844.17,4957.96
05-05-2024,236363.70,281825.79,129513.31,129513.31,5154.38,4648.37
06-05-2024,315238.66,215811.06,130260.78,130260.78,6140.86,5308.50
07-05-2024,238501.95,220266.88,111977.36,111977.36,5697.74,4814.31
08-05-2024,193289.05,226571.00,103647.98,103642.77,5143.32,4294.55
09-05-2024,157033.03,285601.23,102898.19,102898.19,4286.52,3866.56
10-05-2024,185044.73,280415.53,113123.38,113123.38,4785.17,4234.75
11-05-2024,170499.64,268649.51,111403.02,111403.02,4648.77,4267.44
12-05-2024,126998.31,349552.93,99535.58,99331.07,3080.80,3059.71
13-05-2024,186651.02,280137.23,130454.25,130454.25,4662.21,4476.99
14-05-2024,205026.13,289374.03,134693.31,134693.31,5005.22,4595.91
15-05-2024,202311.10,258489.34,117282.81,117282.81,5147.11,4968.77
16-05-2024,280823.46,243849.29,140285.76,140285.76,5572.90,5037.09
17-05-2024,309577.36,245700.43,143826.83,143826.83,5958.13,5422.89
18-05-2024,240854.71,296704.36,148036.54,148036.54,5477.41,5224.14
19-05-2024,222962.85,312314.92,143747.87,143747.87,4939.48,5051.75
20-05-2024,255905.48,262655.54,144045.70,144045.70,5514.79,4989.01
21-05-2024,252173.39,283150.15,154430.18,154430.18,5547.46,4989.18
22-05-2024,233950.59,303251.68,159472.94,159472.94,5265.37,4948.41
23-05-2024,300997.93,283085.99,170770.46,170770.46,5814.00,5253.99
24-05-2024,306708.00,268551.13,164750.29,164750.29,6032.94,5231.82
25-05-2024,326411.32,243487.52,147936.74,147936.74,6335.26,5408.15
26-05-2024,209332.46,349080.54,149874.55,149874.55,4465.56,3869.46
27-05-2024,307102.13,317750.13,174391.75,174391.75,5457.92,4904.84
28-05-2024,239841.68,345006.39,168845.77,168845.77,4624.48,4308.46
29-05-2024,276553.23,326435.17,177144.16,177144.16,4833.72,4416.10
30-05-2024,299967.14,337333.55,180400.45,180400.45,4999.49,4650.00
31-05-2024,338584.70,275605.05,172936.25,172936.25,5866.31,5249.28
01-11-2022,247638.50,325120.65,164091.72,164091.72,4097.50,4249.63
02-11-2022,248062.54,306189.00,153336.62,153336.62,4243.67,4387.05
03-11-2022,263819.07,285667.45,159085.58,159023.58,4663.14,4909.34
04-11-2022,267117.66,275318.87,166300.62,166300.62,4817.89,5048.29
05-11-2022,290474.03,266494.72,173713.83,173713.83,5174.50,5357.06
06-11-2022,271311.56,286854.44,178181.22,178181.22,4380.49,4479.48
07-11-2022,287246.07,273079.98,183751.55,183751.55,5138.88,5285.89
08-11-2022,294416.54,300495.18,192408.94,192408.94,4653.94,4760.00
09-11-2022,290770.75,317240.28,180180.61,180180.61,4715.59,4881.83
10-11-2022,277304.33,314154.87,176065.35,176065.35,4685.94,4853.60
11-11-2022,251407.41,311699.98,155296.59,155296.59,4309.34,4466.23
12-11-2022,265831.11,299817.10,168317.72,168317.72,4406.12,4507.67
13-11-2022,243363.80,325592.87,153766.40,153766.40,3849.54,3921.11
14-11-2022,269741.09,297230.87,173374.78,173374.78,4524.67,4689.87
15-11-2022,254175.86,290102.37,163286.42,163286.42,4304.21,4488.02
16-11-2022,276245.64,290747.54,180141.61,180141.61,4634.68,4782.33
17-11-2022,284147.44,284325.63,185488.65,185488.65,4799.23,4943.57
18-11-2022,273710.97,262868.36,164862.33,164862.33,4861.51,5076.27
19-11-2022,273605.28,278795.01,168731.74,168731.74,4860.50,5056.05
20-11-2022,259821.83,322242.12,160840.68,160840.68,4024.10,4093.35
21-11-2022,261456.10,286586.88,156759.70,156759.70,4765.64,5018.00
22-11-2022,292478.81,299059.94,170738.23,170738.23,4890.65,5153.88
23-11-2022,267291.70,286803.67,161137.18,161137.18,4682.08,5017.89
24-11-2022,268958.10,269874.03,155737.85,155737.85,4871.00,5243.36
25-11-2022,272284.33,269357.39,158644.43,158644.43,4951.08,5293.05
26-11-2022,286716.99,296340.84,171357.02,171357.02,4953.52,5256.50
27-11-2022,240550.44,330962.37,159759.57,159759.57,4027.59,4121.43
28-11-2022,258953.15,322451.63,180718.73,180718.73,4419.54,4633.50
29-11-2022,270903.37,323490.31,183511.45,183511.45,4483.22,4698.37
30-11-2022,285963.46,315671.35,184322.69,184322.69,4750.39,4996.56
01-11-2023,284492.25,297653.69,189356.76,189356.76,4938.24,5047.84
02-11-2023,307377.36,314208.12,205730.82,205730.82,5008.32,5133.62
03-11-2023,287187.09,319266.78,199321.81,199321.81,4635.89,4721.57
04-11-2023,296540.56,298252.28,194526.91,194526.91,4973.76,4958.88
05-11-2023,269863.85,328354.87,185764.36,185764.36,4387.51,4516.78
06-11-2023,283578.56,318696.42,191489.11,191489.11,4715.46,4829.43
07-11-2023,254010.64,323730.57,170843.80,170843.80,4321.30,4484.10
08-11-2023,252252.39,317447.18,174647.13,174647.13,4203.34,4375.90
09-11-2023,271647.22,313655.83,190589.40,190589.40,4405.23,4521.80
10-11-2023,246667.98,299133.23,172270.77,172270.77,4164.51,4361.69
11-11-2023,225061.11,316693.95,161706.44,161706.44,3807.68,3943.21
12-11-2023,158716.91,366585.03,118454.73,118454.73,2863.55,2925.03
13-11-2023,160214.16,417234.70,123039.09,123039.09,2696.94,2748.44
14-11-2023,167773.81,347619.46,120504.49,120504.49,2858.75,2905.72
15-11-2023,206125.74,296833.76,138026.96,138026.96,3323.28,3375.29
16-11-2023,234601.26,297365.71,152918.77,152918.77,3614.61,3754.64
17-11-2023,245583.55,318933.70,172150.23,172150.23,3647.44,3794.90
18-11-2023,289555.21,316622.87,189602.27,189602.27,3941.68,4025.20
19-11-2023,280579.04,335154.29,185647.06,185647.06,3522.22,3617.37
20-11-2023,325764.55,296232.18,189491.02,189491.02,4397.90,4569.67
21-11-2023,328558.35,318907.33,204376.89,204376.89,4122.01,4179.99
22-11-2023,311276.61,314545.05,191224.49,191224.49,4200.24,4198.04
23-11-2023,352612.67,299778.84,202717.02,202717.02,4444.78,4442.19
24-11-2023,341365.31,280900.96,195343.64,195343.64,4537.66,4551.66
25-11-2023,332092.17,338792.11,208741.29,208741.29,4057.92,4123.83
26-11-2023,241443.01,362112.75,157545.76,157545.76,3233.77,3299.93
27-11-2023,269606.81,320498.60,173655.28,173655.28,3614.53,3720.55
28-11-2023,245421.48,297495.26,153258.28,153258.28,3499.65,3596.53
29-11-2023,245050.29,293983.66,142622.65,142622.65,3767.31,3963.89
30-11-2023,231852.69,285626.14,140589.08,140589.08,3687.65,3920.90
01-11-2024,194085.23,518069.91,138874.83,138874.83,2682.94,2896.29
02-11-2024,161086.62,543493.21,116920.45,116920.45,2339.39,2512.46
03-11-2024,188763.95,621365.71,134432.35,134432.35,2183.32,2298.86
04-11-2024,255776.49,507076.40,160299.41,160299.41,3421.94,3725.42
05-11-2024,269282.82,515113.78,176577.35,176577.35,3610.88,3992.41
06-11-2024,266202.52,522969.97,178869.86,178869.86,3370.40,3641.34
07-11-2024,277589.47,528565.07,190547.94,190547.94,3315.58,3581.28
08-11-2024,293993.96,514554.66,199257.80,199257.80,3372.68,3620.95
09-11-2024,299186.40,492810.01,205065.33,205065.33,3435.97,3684.56
10-11-2024,248059.41,536230.37,166893.83,166893.83,2745.72,2849.59
11-11-2024,305739.14,420770.07,185396.18,185396.18,3767.64,3980.70
12-11-2024,281219.90,430875.99,184072.35,184072.35,3556.91,3804.64
13-11-2024,278542.23,424181.68,183205.51,183205.51,3525.73,3760.64
14-11-2024,271467.18,449933.18,184156.35,184156.35,3477.44,3669.67
15-11-2024,299014.76,456305.93,201829.00,201829.00,3520.04,3635.96
16-11-2024,312444.86,495252.63,221665.46,221665.46,3292.38,3385.01
17-11-2024,265267.63,555407.22,193408.55,193408.55,2763.58,2830.00
18-11-2024,325189.16,526469.98,227574.34,227574.34,3383.33,3501.77
19-11-2024,306691.81,530425.94,218181.67,218181.67,3122.89,3234.55
20-11-2024,261439.54,504676.15,185017.07,185017.07,3009.93,3120.77
21-11-2024,276862.70,489865.90,185218.42,185218.42,3328.72,3530.93
22-11-2024,303535.51,492924.60,200948.90,200948.90,3471.04,3643.80
23-11-2024,297521.78,456767.09,194585.80,194585.80,3607.96,3753.81
24-11-2024,241792.38,527550.63,170538.19,170538.19,2825.25,2933.08
25-11-2024,289772.93,467591.07,192850.03,192850.03,3546.83,3713.58
26-11-2024,311175.94,469256.97,207958.68,207958.68,3620.21,3788.15
27-11-2024,309942.31,436251.15,196552.20,196552.20,3738.70,3863.14
28-11-2024,316778.79,470742.62,214276.92,214276.92,3640.47,3870.00
29-11-2024,291208.56,459401.72,201068.48,201068.48,3444.52,3627.80
30-11-2024,312196.84,445045.17,200694.24,200694.24,3757.23,3996.29
01-10-2022,187673.47,291337.45,110255.97,110255.97,4683.70,4884.75
02-10-2022,188989.03,357966.85,135190.89,135190.89,3737.58,3878.38
03-10-2022,191469.97,342731.55,123651.34,123651.34,4197.78,4220.70
04-10-2022,208693.35,288335.69,134607.05,134607.05,4108.44,4146.40
05-10-2022,194539.43,318150.94,140928.20,140928.20,3406.17,3507.70
06-10-2022,223299.93,346946.66,163514.64,163514.64,3681.53,3780.45
07-10-2022,234029.20,335139.42,160529.15,160529.15,3989.91,3933.21
08-10-2022,185439.72,331352.81,133615.90,133615.90,3529.15,3463.44
09-10-2022,188770.96,367571.65,135473.54,135473.54,3294.11,3240.64
10-10-2022,207174.71,320023.58,125609.62,125609.62,3924.29,4132.95
11-10-2022,195203.48,350284.70,137757.58,137757.58,3630.33,3681.25
12-10-2022,215263.36,370956.24,133616.41,133616.41,3611.18,3790.77
13-10-2022,212568.71,326908.29,129984.40,129984.40,4132.99,4349.29
14-10-2022,199224.64,351689.03,126842.99,126842.99,3704.94,3840.24
15-10-2022,211836.99,344754.12,130280.20,130280.20,3808.99,3940.67
16-10-2022,182355.99,414815.20,139019.65,139019.65,3214.56,3237.25
17-10-2022,201454.99,382989.97,143866.64,143866.64,3677.90,3817.61
18-10-2022,211450.81,359837.72,135050.59,135050.59,3972.53,4235.97
19-10-2022,226212.78,340283.82,145847.98,145847.98,4335.87,4547.37
20-10-2022,237557.88,347083.66,150429.89,150429.89,4357.53,4545.69
21-10-2022,236895.68,355492.01,152439.46,152439.46,4318.98,4436.34
22-10-2022,232782.86,300802.03,142789.17,142789.17,4455.58,4624.19
23-10-2022,217422.00,326301.16,149861.53,149861.53,3890.65,4084.10
24-10-2022,160295.01,361927.70,122365.90,122365.90,3077.70,3429.36
25-10-2022,160677.08,434420.79,125302.69,125302.69,3036.19,3171.69
26-10-2022,183472.19,380935.12,141168.35,141168.35,2982.37,3015.83
27-10-2022,196839.38,341319.71,131933.37,131933.37,3661.53,3807.87
28-10-2022,239117.38,311880.92,155317.38,155317.38,4109.47,4283.06
29-10-2022,237912.23,324350.12,155270.03,155270.03,4046.54,4246.44
30-10-2022,215837.36,331854.43,146217.86,146217.86,3590.87,3724.27
31-10-2022,274635.57,303167.83,166276.56,166276.56,4480.10,4651.35
01-10-2023,178835.58,300057.77,135287.37,135287.37,3775.48,3994.63
02-10-2023,218723.88,334680.64,153529.29,153529.29,3492.00,3642.72
03-10-2023,253685.99,326870.84,177504.80,177504.80,4098.32,4277.34
04-10-2023,269673.69,307726.12,178940.70,178875.81,4103.06,4228.01
05-10-2023,368359.99,240124.95,198241.19,198241.19,6514.61,6550.50
06-10-2023,388530.48,228685.54,202873.17,202873.17,7607.84,7537.80
07-10-2023,394972.24,203411.45,188431.23,188431.23,8325.19,8112.62
08-10-2023,382602.41,202236.65,186429.63,186429.63,8148.43,7925.18
09-10-2023,441309.59,149539.03,143609.96,143609.96,9130.98,8823.92
10-10-2023,604901.71,126382.42,126382.26,126382.26,10000.00,10000.00
11-10-2023,649255.56,120127.69,120127.55,120127.55,10000.00,10000.00
12-10-2023,620185.64,130495.04,130494.95,130494.95,10000.00,10000.00
13-10-2023,518872.48,107334.43,107334.34,107334.34,10000.00,10000.00
14-10-2023,469132.47,125376.43,120778.19,120778.19,9019.86,8862.03
15-10-2023,252442.99,172722.50,127806.50,127806.50,7057.53,7385.10
16-10-2023,356863.11,149297.32,135795.57,135795.57,8678.85,8623.28
17-10-2023,385620.23,159077.94,148381.86,148381.86,8969.45,8861.78
18-10-2023,321977.07,210682.29,166443.63,166443.63,7299.13,7116.37
19-10-2023,299526.21,220918.73,161138.16,160871.82,6909.05,6505.84
20-10-2023,319588.39,197713.50,159771.86,159771.86,7045.33,6697.91
21-10-2023,252449.20,213243.80,134689.76,134689.76,5454.03,5358.73
22-10-2023,196355.52,279328.36,135258.44,135258.44,4144.32,4331.96
23-10-2023,210215.36,282234.64,149734.65,149734.65,4268.34,4465.53
24-10-2023,166120.34,311542.27,113270.00,113270.00,3496.38,3496.05
25-10-2023,244747.64,272459.50,145032.54,145032.54,4670.04,4767.86
26-10-2023,244954.63,264342.96,153547.65,153547.65,4968.00,4946.12
27-10-2023,219270.54,275069.23,156221.17,156221.17,4832.88,4849.21
28-10-2023,245889.82,280501.25,156845.42,156845.42,4814.23,4912.64
29-10-2023,209706.91,302438.85,142802.61,142802.61,3892.28,3965.82
30-10-2023,256845.21,305169.80,164112.78,164112.78,4535.46,4533.55
31-10-2023,259749.91,274650.88,167865.36,167865.36,4773.41,4713.83
01-10-2024,274705.82,301876.47,170997.68,170997.68,5315.47,5088.45
02-10-2024,231076.63,359288.77,172467.91,172467.91,5012.80,5559.70
03-10-2024,289179.18,336082.99,159675.79,159675.79,5443.45,4975.57
04-10-2024,299769.48,326671.53,154733.47,154733.47,5403.28,5019.52
05-10-2024,218746.79,350479.76,138601.78,138601.78,4857.25,4539.84
06-10-2024,204832.81,375423.93,148338.98,148338.98,3728.56,3756.65
07-10-2024,238017.11,280669.46,126743.67,126743.67,5270.44,4678.75
08-10-2024,252196.74,248301.60,123439.27,123439.27,5476.20,5103.00
09-10-2024,262913.17,232633.25,127578.54,127578.54,5725.48,5266.30
10-10-2024,264287.79,266989.75,146625.17,146625.17,5686.63,5370.16
11-10-2024,208273.35,342730.59,149187.92,149187.92,3871.82,3887.56
12-10-2024,129714.87,385494.84,116025.91,116025.91,2671.33,2879.17
13-10-2024,158426.51,482812.69,123233.34,123233.34,2486.53,2585.28
14-10-2024,196809.86,418137.65,139052.28,139052.28,3166.80,3251.02
15-10-2024,229983.97,415762.74,155644.01,155644.01,3493.57,3594.53
16-10-2024,208640.42,410528.56,146464.16,146464.16,3558.80,3780.73
17-10-2024,204168.45,377986.57,148076.49,148076.49,3941.34,4346.66
18-10-2024,201219.26,421611.93,147202.68,147202.68,3787.09,4083.92
19-10-2024,212023.74,424060.28,152249.74,152249.74,3671.06,3972.85
20-10-2024,164866.30,476633.06,131665.12,131665.12,2995.75,3186.65
21-10-2024,209222.65,429989.35,144591.53,144591.53,3625.98,3828.44
22-10-2024,208655.87,435994.45,145755.60,145755.60,3632.64,3785.98
23-10-2024,199787.24,471991.25,143362.76,143362.76,3479.97,3658.38
24-10-2024,196207.08,521666.15,144305.31,144305.31,3315.47,3496.75
25-10-2024,204720.21,502734.11,155983.61,155983.61,3140.71,3396.89
26-10-2024,204259.67,489850.50,146661.39,146661.39,3334.11,3640.16
27-10-2024,151415.94,576071.51,120471.89,120471.89,2411.85,2593.49
28-10-2024,187238.86,502438.84,133467.08,133467.08,3173.77,3461.40
29-10-2024,190443.92,419280.77,129091.82,129091.82,3408.15,3742.41
30-10-2024,230315.12,413159.93,147970.76,147970.76,3800.10,4190.75
31-10-2024,172717.48,476669.14,130197.19,130197.19,2743.24,3072.53
01-09-2022,306695.80,204295.02,157925.92,157925.92,8282.55,7930.09
02-09-2022,300290.23,181969.94,150300.13,150300.13,9080.64,8885.24
03-09-2022,210737.96,194291.68,121477.00,121477.00,7710.16,8089.11
04-09-2022,187839.57,252188.43,128206.22,128206.22,5289.28,5644.70
05-09-2022,229280.90,225259.26,132722.67,132722.67,6729.24,7116.60
06-09-2022,255823.41,198968.24,131259.49,131259.49,7730.11,7895.75
07-09-2022,289202.72,201611.88,150094.38,150094.38,8688.78,8868.38
08-09-2022,281972.82,245573.80,169917.07,169917.07,7746.30,7850.73
09-09-2022,291234.02,270544.02,192236.07,192236.07,7421.24,7703.51
10-09-2022,296229.84,275686.84,190598.96,190598.96,7502.09,7636.23
11-09-2022,232458.19,328669.80,171403.20,171403.20,5016.81,5260.79
12-09-2022,203192.20,292095.04,145155.81,145155.81,4957.91,5033.39
13-09-2022,203091.51,262621.12,134941.11,134941.11,5274.26,5390.05
14-09-2022,195726.51,311612.22,141668.66,141668.66,4548.08,4464.25
15-09-2022,173676.11,302619.34,126034.07,126034.07,3809.32,3738.61
16-09-2022,189039.18,282264.24,129148.50,129148.50,3942.84,3776.16
17-09-2022,182274.17,263598.40,119578.78,119578.78,3810.68,3811.62
18-09-2022,191255.17,298113.56,126848.75,126848.75,3591.99,3661.65
19-09-2022,202736.12,229718.22,115493.58,115493.58,4616.29,4787.82
20-09-2022,260565.26,200759.41,116357.90,116357.90,5822.19,5839.01
21-09-2022,211483.52,248431.52,123457.93,123457.93,4702.21,4688.12
22-09-2022,211366.99,250367.76,121832.97,121832.97,4603.78,4557.65
23-09-2022,193674.06,268921.57,107432.59,107432.59,4066.17,4168.52
24-09-2022,203106.53,274829.17,125287.64,125287.64,4000.99,4053.22
25-09-2022,171017.67,313950.04,114967.12,114967.12,3285.14,3411.22
26-09-2022,234813.15,246042.61,121541.30,121541.30,4856.95,5088.37
27-09-2022,281318.20,174047.96,120081.41,120081.41,6569.28,6616.62
28-09-2022,220719.52,245048.21,119931.32,119931.32,4848.64,5007.92
29-09-2022,234277.72,259866.99,126163.98,126163.98,5338.45,5476.08
30-09-2022,219938.17,246948.42,117580.73,117580.73,5095.18,5321.30
01-09-2023,562165.74,74316.73,74076.58,74076.58,10000.00,10000.00
02-09-2023,573824.76,68077.70,68077.59,68077.59,10000.00,10000.00
03-09-2023,506095.58,75449.67,75449.57,75449.57,10000.00,10000.00
04-09-2023,479010.48,76312.10,76312.05,76312.05,10000.00,10000.00
05-09-2023,314809.58,135972.40,120604.27,120604.27,8955.26,8565.33
06-09-2023,294082.70,162553.25,126654.78,126654.78,7992.50,7603.79
07-09-2023,270192.32,174541.78,129156.00,129156.00,6722.43,6293.20
08-09-2023,212230.06,174318.93,102067.38,102067.38,5976.85,5733.19
09-09-2023,214492.87,185848.27,116862.72,116862.72,5871.89,5557.18
10-09-2023,137069.69,225503.91,100418.52,100418.52,3700.29,3591.01
11-09-2023,184379.46,181206.79,102942.82,102942.82,4432.25,4305.04
12-09-2023,202825.45,163053.32,93501.98,93501.98,4954.39,4741.58
13-09-2023,216279.22,152505.81,96863.04,96863.04,5994.31,5919.14
14-09-2023,263229.39,135337.11,101263.53,101263.53,6754.77,6378.60
15-09-2023,273881.55,134231.02,115401.86,115401.86,7813.53,7536.91
16-09-2023,249443.07,152278.16,118413.59,118413.59,6858.95,6722.37
17-09-2023,187370.59,242255.67,122263.50,122263.50,4053.09,3972.93
18-09-2023,192357.80,273238.78,139117.13,139117.13,4011.55,3974.76
19-09-2023,194531.43,274455.48,131636.01,131636.01,4259.13,4256.27
20-09-2023,228704.10,256387.58,136446.52,136446.52,4595.87,4537.76
21-09-2023,231232.74,191651.35,130815.57,130815.57,6487.59,5979.01
22-09-2023,211852.60,184945.73,119941.50,119941.50,5968.13,5675.60
23-09-2023,194025.73,250597.67,131120.01,131120.01,4716.84,4598.85
24-09-2023,165386.54,267763.69,111795.52,111795.52,4451.29,4534.38
25-09-2023,216540.70,251397.50,120390.61,120390.61,5011.29,5080.89
26-09-2023,191484.00,269751.09,125684.37,125684.37,4098.14,4135.04
27-09-2023,226808.78,220336.64,123582.04,123582.04,5549.33,5361.73
28-09-2023,186035.13,251088.40,127266.70,127266.70,4650.59,4672.58
29-09-2023,266173.16,181032.26,142019.75,142019.75,6996.38,6559.59
30-09-2023,215228.62,183739.09,125271.82,125271.82,6116.40,6083.06
01-09-2024,158053.02,418356.04,122718.28,122718.28,2888.23,3274.76
02-09-2024,169591.25,333115.30,108999.36,108999.36,4128.17,4620.48
03-09-2024,166233.02,376048.37,115105.60,115105.60,3850.57,4451.60
04-09-2024,212348.01,306252.03,112989.96,112989.96,4504.35,4970.86
05-09-2024,166894.40,380358.55,113356.60,113356.60,3905.03,4440.39
06-09-2024,162520.43,386311.60,114573.12,114573.12,3582.53,4057.32
07-09-2024,168061.72,400443.34,119791.01,119505.59,3397.36,3674.24
08-09-2024,164069.46,435248.43,118265.65,118265.65,2818.99,3051.11
09-09-2024,177513.69,395608.73,119565.64,119565.64,3265.48,3532.36
10-09-2024,151646.77,433336.13,106883.11,106883.11,2889.61,3107.67
11-09-2024,198044.49,397279.11,126629.02,126324.42,3686.96,3764.83
12-09-2024,201316.15,417455.22,130400.67,128674.86,3785.77,3738.68
13-09-2024,121362.26,465301.80,90896.87,90896.87,2952.04,3135.45
14-09-2024,229656.03,465407.91,164629.39,159293.30,3446.59,3385.49
15-09-2024,193493.99,516707.83,156440.05,155998.84,2606.03,2730.71
16-09-2024,239421.30,479487.06,177061.64,177061.64,3604.31,3596.26
17-09-2024,230430.21,471440.01,184428.66,184428.66,3303.28,3308.42
18-09-2024,310355.95,391949.37,201162.21,201013.63,4780.54,4507.57
19-09-2024,294673.61,323212.25,189727.85,189727.85,5159.09,4872.51
20-09-2024,340385.22,348294.90,213253.26,211258.25,5508.95,5280.29
21-09-2024,332459.33,331084.16,205170.69,205134.03,5678.38,5165.43
22-09-2024,239574.00,313552.82,166950.32,167006.76,4204.01,4379.60
23-09-2024,292537.91,307677.75,169162.71,169497.56,5303.61,4934.75
24-09-2024,292013.08,253188.10,159570.82,155010.20,5885.94,5482.24
25-09-2024,296371.55,250557.57,169814.55,169814.55,6107.07,5570.81
26-09-2024,244724.69,319954.97,178687.12,178687.12,5260.79,4879.75
27-09-2024,246947.62,354147.04,165160.81,165160.81,4787.79,4523.82
28-09-2024,304446.80,356486.19,193623.20,193623.20,5050.79,4604.27
29-09-2024,244656.64,395079.16,180781.60,180781.60,4069.86,4066.69
30-09-2024,301931.61,360281.46,200747.41,200747.41,5169.99,4681.90
